filename,todocount,timestamp
./test.fs,1,1735350760
./path.fs,0,1735350760
./README.md,0,1735350760
./todo,2,1735350760
./todolib.fs,3,1735350760
./todo-report,4,1735350760
./test.fs,5,1735350760
./path.fs,0,1735350760
./README.md,0,1735350760
./todo,2,1735350760
./todolib.fs,4,1735350760
./todo-report,4,1735350760
./test.fs,15,1735450760
./path.fs,0,1735450760
./this/some-file,0,1735450760
./README.md,0,1735450760
./todo,2,1735450760
./todolib.fs,6,1735450760
./todo-report,0,1735450760
./test.fs,5,1737533682
./path.fs,0,1737533682
./this/some-file,0,1737533682
./README.md,0,1737533682
./todo,2,1737533682
./todolib.fs,7,1737533682
./todo-report,0,1737533682
./test.fs,5,1737533720
./path.fs,0,1737533720
./this/some-file,0,1737533720
./README.md,0,1737533720
./todo,2,1737533720
./todolib.fs,7,1737533720
./todo-report,0,1737533720
./test.fs,5,1737551274
./path.fs,0,1737551274
./this/some-file,0,1737551274
./README.md,0,1737551274
./todo,2,1737551274
./todolib.fs,8,1737551274
./todo-report,0,1737551274
./test.fs,4,1737553403
./path.fs,0,1737553403
./this/some-file,0,1737553403
./README.md,0,1737553403
./todo,0,1737553403
./todolib.fs,2,1737553403
./todo-report,0,1737553403
